<?xml version="1.0" encoding="UTF-8"?>
<beans xmlns="http://www.springframework.org/schema/beans"
       xmlns:xsi="http://www.w3.org/2001/XMLSchema-instance"
       xmlns:oxm="http://www.springframework.org/schema/oxm"
       xmlns:util="http://www.springframework.org/schema/util"
       xmlns:mvc="http://www.springframework.org/schema/mvc"
       xmlns:context="http://www.springframework.org/schema/context"
       xsi:schemaLocation="http://www.springframework.org/schema/beans http://www.springframework.org/schema/beans/spring-beans-3.0.xsd
							http://www.springframework.org/schema/mvc http://www.springframework.org/schema/mvc/spring-mvc-3.0.xsd
							http://www.springframework.org/schema/context http://www.springframework.org/schema/context/spring-context-3.0.xsd
							http://www.springframework.org/schema/oxm
							http://www.springframework.org/schema/oxm/spring-oxm-3.0.xsd
							http://www.springframework.org/schema/util
  							http://www.springframework.org/schema/util/spring-util-3.0.xsd">


  <!-- thread d'enregistrement des arduinos -->
  <bean id="recorder" class="arduino.dao.Recorder" init-method="init">
    <property name="port" value="100"/>
    <property name="ip" value="192.168.2.1"/>
    <property name="nbConnexions" value="5"/>
    <property name="traced" value="false"/>              
  </bean>

  <!-- couche dao -->  
  <bean id="dao" class="arduino.dao.Dao" init-method="init">
    <property name="recorder" ref="recorder"/>
    <property name="timeoutConnection" value="1000"/>
    <property name="timeoutRead" value="1000"/> 
    <property name="traced" value="false"/>                           
  </bean>
  <!-- couche métier -->
  <bean id="metier" class="arduino.metier.Metier">
    <property name="dao" ref="dao"/>
  </bean>
  
  	<!-- Recherche des annotations SpringMVC dans les classes du package nommé -->
	<context:component-scan base-package="arduino.rest.metier" />

	<!-- L'unique View utilisée. Elle génère du JSON -->
	<bean
		class="org.springframework.web.servlet.view.json.MappingJacksonJsonView">
		<property name="contentType" value="text/plain" />
	</bean>

	<!-- Le convertisseur JSON -->
	<bean id="jsonMessageConverter"
		class="org.springframework.http.converter.json.MappingJacksonHttpMessageConverter" />

		<!-- la liste des convertisseurs de messages. Il n'y en qu'un : le JSON ci-dessus -->
	<bean
		class="org.springframework.web.servlet.mvc.annotation.AnnotationMethodHandlerAdapter">
		<property name="messageConverters">
			<util:list id="beanList">
				<ref bean="jsonMessageConverter" />
			</util:list>
		</property>
	</bean>

</beans>
