<?xml version="1.0" encoding="UTF-8"?>
<log4j:configuration xmlns:log4j="http://jakarta.apache.org/log4j/">

    <!-- Appenders -->
    <appender name="console" class="org.apache.log4j.ConsoleAppender">
        <param name="Target" value="System.out" />
        <layout class="org.apache.log4j.PatternLayout">
            <param name="ConversionPattern" value="%-5p: [%d{MMM-dd HH:mm:ss,SSS}] %c{3} - %m%n" />
        </layout>
    </appender>

    <!-- File Appender -->
    <appender name="file" class="org.apache.log4j.RollingFileAppender">
        <param name="File" value="rest.log"/>
        <param name="MaxFileSize" value="10000KB"/>
        <param name="MaxBackupIndex" value="20"/>
        <layout class="org.apache.log4j.PatternLayout">
            <param name="ConversionPattern" value="%-5p: [%d{MMM-dd HH:mm:ss,SSS}] %c{3} - %m%n" />
        </layout>
    </appender>

    <logger name="org.springframework.beans">
        <level value="info" />
    </logger>

    <logger name="org.springframework.web">
        <level value="info" />
    </logger>

	<logger name="org.codehaus.jackson">
        <level value="debug" />
    </logger>

	<logger name="com.blog">
        <level value="info" />
    </logger>


    <!-- Root Logger -->
    <root>
        <priority value="info" />
        <appender-ref ref="console" />
    </root>

</log4j:configuration>