<?xml version="1.0" encoding="UTF-8"?>
<beans xmlns="http://www.springframework.org/schema/beans"
       xmlns:xsi="http://www.w3.org/2001/XMLSchema-instance"
       xmlns:p="http://www.springframework.org/schema/p"
       xmlns:context="http://www.springframework.org/schema/context"
       xmlns:oxm="http://www.springframework.org/schema/oxm"
       xsi:schemaLocation="http://www.springframework.org/schema/beans http://www.springframework.org/schema/beans/spring-beans-2.5.xsd 
			http://www.springframework.org/schema/context http://www.springframework.org/schema/context/spring-context-2.5.xsd 
			http://www.springframework.org/schema/oxm http://www.springframework.org/schema/oxm/spring-oxm-3.0.xsd" xmlns:util="http://www.springframework.org/schema/util">

  <!-- couche applicative -->
  <bean id="metier" class="client.rest.metier.Metier">
    <property name="urlServiceRest" value="localhost:8081/server-rest"/>
    <property name="restTemplate" ref="restTemplate"/>
  </bean>
  <!-- rest template -->
  <bean id="restTemplate" class="org.springframework.web.client.RestTemplate">
    <property name="messageConverters">
      <list>
        <ref bean="jacksonConverter"/>
        <ref bean="stringConverter"/>
      </list>
    </property>
  </bean>
  <bean id="jacksonConverter" class="org.springframework.http.converter.json.MappingJacksonHttpMessageConverter"/>
  <bean id="stringConverter" class="org.springframework.http.converter.StringHttpMessageConverter"/>
</beans>