<?xml version="1.0" encoding="UTF-8"?>
<beans xmlns="http://www.springframework.org/schema/beans"
       xmlns:xsi="http://www.w3.org/2001/XMLSchema-instance"
       xsi:schemaLocation="http://www.springframework.org/schema/beans http://www.springframework.org/schema/beans/spring-beans-2.0.xsd">

  <!-- thread d'enregistrement des arduinos -->
  <bean id="recorder" class="arduino.dao.Recorder" init-method="init">
    <property name="port" value="100"/>
    <property name="ip" value="192.168.2.1"/>
    <property name="nbConnexions" value="5"/>
    <property name="traced" value="true"/>              
  </bean>
  <!-- couche dao -->  
  <bean id="dao" class="arduino.dao.Dao" init-method="init">
    <property name="recorder" ref="recorder"/>
    <property name="timeoutConnection" value="1000"/>
    <property name="timeoutRead" value="1000"/> 
    <property name="traced" value="false"/>                           
  </bean>
  <!-- couche métier -->
  <bean id="metier" class="arduino.metier.Metier">
    <property name="dao" ref="dao"/>
  </bean>
</beans>