<?xml version='1.0' encoding='UTF-8'?>

<!-- =========== FULL CONFIGURATION FILE ================================== -->

<faces-config version="2.0"
              xmlns="http://java.sun.com/xml/ns/javaee" 
              xmlns:xsi="http://www.w3.org/2001/XMLSchema-instance" 
              xsi:schemaLocation="http://java.sun.com/xml/ns/javaee http://java.sun.com/xml/ns/javaee/web-facesconfig_2_0.xsd">

  <application>
    <!-- le fichier des messages -->
    <resource-bundle>
      <base-name>
        messages
      </base-name>
      <var>msg</var>
    </resource-bundle>
    <message-bundle>messages</message-bundle>
    <default-render-kit-id>PRIMEFACES_MOBILE</default-render-kit-id>
  </application>
  <!-- définition des différents beans -->
  <!-- de portée application -->
  <managed-bean>
    <managed-bean-name>applicationData</managed-bean-name>
    <managed-bean-class>arduino.jsf.beans.ApplicationData</managed-bean-class>
    <managed-bean-scope>application</managed-bean-scope>
  </managed-bean>
  <!-- de portée session -->
  <managed-bean>
    <managed-bean-name>sessionData</managed-bean-name>
    <managed-bean-class>arduino.jsf.beans.SessionData</managed-bean-class>
    <managed-bean-scope>session</managed-bean-scope>
  </managed-bean>
  <!-- de portée request -->
  <managed-bean>
    <managed-bean-name>requestData</managed-bean-name>
    <managed-bean-class>arduino.jsf.beans.RequestData</managed-bean-class>
    <managed-bean-scope>request</managed-bean-scope>
    <managed-property>
      <property-name>applicationData</property-name>
      <value>#{applicationData}</value>
    </managed-property>
  </managed-bean>

</faces-config>
